data,giorno,n_scuola,disposizione,ricostruito,avanti,dietro_sx,centro,dietro_dx
2026-09-10,gio,1,OMLA,True,O,M,L,A
2026-09-11,ven,2,LAOM,True,L,A,O,M
2026-09-14,lun,3,MLAO,True,M,L,A,O
2026-09-15,mar,4,AOML,True,A,O,M,L
2026-09-16,mer,5,OMLA,,O,M,L,A
2026-09-17,gio,6,LAOM,,L,A,O,M
2026-09-18,ven,7,MLAO,,M,L,A,O
2026-09-21,lun,8,AOML,,A,O,M,L
2026-09-22,mar,9,OMLA,,O,M,L,A
2026-09-23,mer,10,LAOM,,L,A,O,M
2026-09-24,gio,11,MLAO,,M,L,A,O
2026-09-25,ven,12,AOML,,A,O,M,L
2026-09-28,lun,13,OMLA,,O,M,L,A
2026-09-29,mar,14,LAOM,,L,A,O,M
2026-09-30,mer,15,MLAO,,M,L,A,O
2026-10-01,gio,16,AOML,,A,O,M,L
2026-10-02,ven,17,OMLA,,O,M,L,A
2026-10-05,lun,18,LAOM,,L,A,O,M
2026-10-06,mar,19,MLAO,,M,L,A,O
2026-10-07,mer,20,AOML,,A,O,M,L
2026-10-08,gio,21,OMLA,,O,M,L,A
2026-10-09,ven,22,LAOM,,L,A,O,M
2026-10-12,lun,23,MLAO,,M,L,A,O
2026-10-13,mar,24,AOML,,A,O,M,L
2026-10-14,mer,25,OMLA,,O,M,L,A
2026-10-15,gio,26,LAOM,,L,A,O,M
2026-10-16,ven,27,MLAO,,M,L,A,O
2026-10-19,lun,28,AOML,,A,O,M,L
2026-10-20,mar,29,OMLA,,O,M,L,A
2026-10-21,mer,30,LAOM,,L,A,O,M
2026-10-22,gio,31,MLAO,,M,L,A,O
2026-10-23,ven,32,AOML,,A,O,M,L
2026-10-26,lun,33,OMLA,,O,M,L,A
2026-10-27,mar,34,LAOM,,L,A,O,M
2026-10-28,mer,35,MLAO,,M,L,A,O
2026-10-29,gio,36,AOML,,A,O,M,L
2026-11-03,mar,37,OMLA,,O,M,L,A
2026-11-04,mer,38,LAOM,,L,A,O,M
2026-11-05,gio,39,MLAO,,M,L,A,O
2026-11-06,ven,40,AOML,,A,O,M,L
2026-11-09,lun,41,OMLA,,O,M,L,A
2026-11-10,mar,42,LAOM,,L,A,O,M
2026-11-11,mer,43,MLAO,,M,L,A,O
2026-11-12,gio,44,AOML,,A,O,M,L
2026-11-13,ven,45,OMLA,,O,M,L,A
2026-11-16,lun,46,LAOM,,L,A,O,M
2026-11-17,mar,47,MLAO,,M,L,A,O
2026-11-18,mer,48,AOML,,A,O,M,L
2026-11-19,gio,49,OMLA,,O,M,L,A
2026-11-20,ven,50,LAOM,,L,A,O,M
2026-11-23,lun,51,MLAO,,M,L,A,O
2026-11-24,mar,52,AOML,,A,O,M,L
2026-11-25,mer,53,OMLA,,O,M,L,A
2026-11-26,gio,54,LAOM,,L,A,O,M
2026-11-27,ven,55,MLAO,,M,L,A,O
2026-11-30,lun,56,AOML,,A,O,M,L
2026-12-01,mar,57,OMLA,,O,M,L,A
2026-12-02,mer,58,LAOM,,L,A,O,M
2026-12-03,gio,59,MLAO,,M,L,A,O
2026-12-04,ven,60,AOML,,A,O,M,L
2026-12-09,mer,61,OMLA,,O,M,L,A
2026-12-10,gio,62,LAOM,,L,A,O,M
2026-12-11,ven,63,MLAO,,M,L,A,O
2026-12-14,lun,64,AOML,,A,O,M,L
2026-12-15,mar,65,OMLA,,O,M,L,A
2026-12-16,mer,66,LAOM,,L,A,O,M
2026-12-17,gio,67,MLAO,,M,L,A,O
2026-12-18,ven,68,AOML,,A,O,M,L
2026-12-21,lun,69,OMLA,,O,M,L,A
2026-12-22,mar,70,LAOM,,L,A,O,M
2027-01-07,gio,71,MLAO,,M,L,A,O
2027-01-08,ven,72,AOML,,A,O,M,L
2027-01-11,lun,73,OMLA,,O,M,L,A
2027-01-12,mar,74,LAOM,,L,A,O,M
2027-01-13,mer,75,MLAO,,M,L,A,O
2027-01-14,gio,76,AOML,,A,O,M,L
2027-01-15,ven,77,OMLA,,O,M,L,A
2027-01-18,lun,78,LAOM,,L,A,O,M
2027-01-19,mar,79,MLAO,,M,L,A,O
2027-01-20,mer,80,AOML,,A,O,M,L
2027-01-21,gio,81,OMLA,,O,M,L,A
2027-01-22,ven,82,LAOM,,L,A,O,M
2027-01-25,lun,83,MLAO,,M,L,A,O
2027-01-26,mar,84,AOML,,A,O,M,L
2027-01-27,mer,85,OMLA,,O,M,L,A
2027-01-28,gio,86,LAOM,,L,A,O,M
2027-01-29,ven,87,MLAO,,M,L,A,O
2027-02-01,lun,88,AOML,,A,O,M,L
2027-02-02,mar,89,OMLA,,O,M,L,A
2027-02-03,mer,90,LAOM,,L,A,O,M
2027-02-04,gio,91,MLAO,,M,L,A,O
2027-02-05,ven,92,AOML,,A,O,M,L
2027-02-11,gio,93,OMLA,,O,M,L,A
2027-02-12,ven,94,LAOM,,L,A,O,M
2027-02-15,lun,95,MLAO,,M,L,A,O
2027-02-16,mar,96,AOML,,A,O,M,L
2027-02-17,mer,97,OMLA,,O,M,L,A
2027-02-18,gio,98,LAOM,,L,A,O,M
2027-02-19,ven,99,MLAO,,M,L,A,O
2027-02-22,lun,100,AOML,,A,O,M,L
2027-02-23,mar,101,OMLA,,O,M,L,A
2027-02-24,mer,102,LAOM,,L,A,O,M
2027-02-25,gio,103,MLAO,,M,L,A,O
2027-02-26,ven,104,AOML,,A,O,M,L
2027-03-01,lun,105,OMLA,,O,M,L,A
2027-03-02,mar,106,LAOM,,L,A,O,M
2027-03-03,mer,107,MLAO,,M,L,A,O
2027-03-04,gio,108,AOML,,A,O,M,L
2027-03-05,ven,109,OMLA,,O,M,L,A
2027-03-08,lun,110,LAOM,,L,A,O,M
2027-03-09,mar,111,MLAO,,M,L,A,O
2027-03-10,mer,112,AOML,,A,O,M,L
2027-03-11,gio,113,OMLA,,O,M,L,A
2027-03-12,ven,114,LAOM,,L,A,O,M
2027-03-15,lun,115,MLAO,,M,L,A,O
2027-03-16,mar,116,AOML,,A,O,M,L
2027-03-17,mer,117,OMLA,,O,M,L,A
2027-03-18,gio,118,LAOM,,L,A,O,M
2027-03-19,ven,119,MLAO,,M,L,A,O
2027-03-22,lun,120,AOML,,A,O,M,L
2027-03-23,mar,121,OMLA,,O,M,L,A
2027-03-24,mer,122,LAOM,,L,A,O,M
2027-03-31,mer,123,MLAO,,M,L,A,O
2027-04-01,gio,124,AOML,,A,O,M,L
2027-04-02,ven,125,OMLA,,O,M,L,A
2027-04-05,lun,126,LAOM,,L,A,O,M
2027-04-06,mar,127,MLAO,,M,L,A,O
2027-04-07,mer,128,AOML,,A,O,M,L
2027-04-08,gio,129,OMLA,,O,M,L,A
2027-04-09,ven,130,LAOM,,L,A,O,M
2027-04-12,lun,131,MLAO,,M,L,A,O
2027-04-13,mar,132,AOML,,A,O,M,L
2027-04-14,mer,133,OMLA,,O,M,L,A
2027-04-15,gio,134,LAOM,,L,A,O,M
2027-04-16,ven,135,MLAO,,M,L,A,O
2027-04-19,lun,136,AOML,,A,O,M,L
2027-04-20,mar,137,OMLA,,O,M,L,A
2027-04-21,mer,138,LAOM,,L,A,O,M
2027-04-22,gio,139,MLAO,,M,L,A,O
2027-04-23,ven,140,AOML,,A,O,M,L
2027-04-26,lun,141,OMLA,,O,M,L,A
2027-04-27,mar,142,LAOM,,L,A,O,M
2027-04-28,mer,143,MLAO,,M,L,A,O
2027-04-29,gio,144,AOML,,A,O,M,L
2027-05-03,lun,145,OMLA,,O,M,L,A
2027-05-04,mar,146,LAOM,,L,A,O,M
2027-05-05,mer,147,MLAO,,M,L,A,O
2027-05-06,gio,148,AOML,,A,O,M,L
2027-05-07,ven,149,OMLA,,O,M,L,A
2027-05-10,lun,150,LAOM,,L,A,O,M
2027-05-11,mar,151,MLAO,,M,L,A,O
2027-05-12,mer,152,AOML,,A,O,M,L
2027-05-13,gio,153,OMLA,,O,M,L,A
2027-05-14,ven,154,LAOM,,L,A,O,M
2027-05-17,lun,155,MLAO,,M,L,A,O
2027-05-18,mar,156,AOML,,A,O,M,L
2027-05-19,mer,157,OMLA,,O,M,L,A
2027-05-20,gio,158,LAOM,,L,A,O,M
2027-05-21,ven,159,MLAO,,M,L,A,O
2027-05-24,lun,160,AOML,,A,O,M,L
2027-05-25,mar,161,OMLA,,O,M,L,A
2027-05-26,mer,162,LAOM,,L,A,O,M
2027-05-27,gio,163,MLAO,,M,L,A,O
2027-05-28,ven,164,AOML,,A,O,M,L
2027-05-31,lun,165,OMLA,,O,M,L,A
2027-06-01,mar,166,LAOM,,L,A,O,M
2027-06-03,gio,167,MLAO,,M,L,A,O
2027-06-04,ven,168,AOML,,A,O,M,L
2027-06-07,lun,169,OMLA,,O,M,L,A
2027-06-08,mar,170,LAOM,,L,A,O,M
